{
    "Validation_MSE": 7.726015610387549e-05,
    "Validation_R2": 0.4970462064330802,
    "Directional_Accuracy": 0.6826335877862595,
    "Return_Correlation": 0.7154412852634779
}